,dataset,algorithm,n_clusters,init,n_init,max_iter,silhouette_score,adjusted_rand_score,f1_score,execution_time,linkage,metric
0,iris,KMeans,2,k-means++,10.0,300.0,0.6863930543445408,0.5681159420289855,0.5555555555555555,0.6065618991851807,,
1,iris,KMeans,2,k-means++,10.0,500.0,0.6863930543445408,0.5681159420289855,0.5555555555555555,0.6075680255889893,,
2,iris,KMeans,2,k-means++,20.0,300.0,0.6863930543445408,0.5681159420289855,0.5555555555555555,0.6135594844818115,,
3,iris,KMeans,2,k-means++,20.0,500.0,0.6863930543445408,0.5681159420289855,0.5555555555555555,0.6085736751556396,,
4,iris,KMeans,2,random,10.0,300.0,0.6863930543445408,0.5681159420289855,0.5555555555555555,0.6115658283233643,,
5,iris,KMeans,2,random,10.0,500.0,0.6863930543445408,0.5681159420289855,0.5555555555555555,0.60955810546875,,
6,iris,KMeans,2,random,20.0,300.0,0.6863930543445408,0.5681159420289855,0.5555555555555555,0.6315703392028809,,
7,iris,KMeans,2,random,20.0,500.0,0.6863930543445408,0.5681159420289855,0.5555555555555555,0.6075534820556641,,
8,iris,KMeans,3,k-means++,10.0,300.0,0.5493531211013167,0.7163421126838476,0.8852785369639302,0.6125631332397461,,
9,iris,KMeans,3,k-means++,10.0,500.0,0.5493531211013167,0.7163421126838476,0.8852785369639302,0.6065618991851807,,
10,iris,KMeans,3,k-means++,20.0,300.0,0.5493531211013167,0.7163421126838476,0.8852785369639302,0.6195580959320068,,
11,iris,KMeans,3,k-means++,20.0,500.0,0.5493531211013167,0.7163421126838476,0.8852785369639302,0.6225557327270508,,
12,iris,KMeans,3,random,10.0,300.0,0.5493531211013167,0.7163421126838476,0.8852785369639302,0.6135530471801758,,
13,iris,KMeans,3,random,10.0,500.0,0.5493531211013167,0.7163421126838476,0.8852785369639302,0.6065618991851807,,
14,iris,KMeans,3,random,20.0,300.0,0.5493531211013167,0.7163421126838476,0.8852785369639302,0.6145572662353516,,
15,iris,KMeans,3,random,20.0,500.0,0.5493531211013167,0.7163421126838476,0.8852785369639302,0.6085488796234131,,
16,iris,KMeans,4,k-means++,10.0,300.0,0.4780994385072526,0.6230929299814632,0.6044303797468354,0.03900146484375,,
17,iris,KMeans,4,k-means++,10.0,500.0,0.4780994385072526,0.6230929299814632,0.6044303797468354,0.0359959602355957,,
18,iris,KMeans,4,k-means++,20.0,300.0,0.4780994385072526,0.6230929299814632,0.6044303797468354,0.05900096893310547,,
19,iris,KMeans,4,k-means++,20.0,500.0,0.4780994385072526,0.6230929299814632,0.6044303797468354,0.06400823593139648,,
20,iris,KMeans,4,random,10.0,300.0,0.4807553735557849,0.610664611861335,0.5962107512740424,0.03300738334655762,,
21,iris,KMeans,4,random,10.0,500.0,0.4807553735557849,0.610664611861335,0.5962107512740424,0.03200793266296387,,
22,iris,KMeans,4,random,20.0,300.0,0.4807553735557849,0.610664611861335,0.5962107512740424,0.04799771308898926,,
23,iris,KMeans,4,random,20.0,500.0,0.4807553735557849,0.610664611861335,0.5962107512740424,0.057994842529296875,,
24,iris,KMeans,5,k-means++,10.0,300.0,0.3508871659207448,0.4670212076986913,0.42713404738721195,0.03999137878417969,,
25,iris,KMeans,5,k-means++,10.0,500.0,0.3508871659207448,0.4670212076986913,0.42713404738721195,0.04698371887207031,,
26,iris,KMeans,5,k-means++,20.0,300.0,0.3483675902819906,0.46569394095542876,0.4238040440572086,0.07856154441833496,,
27,iris,KMeans,5,k-means++,20.0,500.0,0.3483675902819906,0.46569394095542876,0.4238040440572086,0.0725553035736084,,
28,iris,KMeans,5,random,10.0,300.0,0.3483675902819906,0.46569394095542876,0.4238040440572086,0.03900623321533203,,
29,iris,KMeans,5,random,10.0,500.0,0.3483675902819906,0.46569394095542876,0.4238040440572086,0.0350039005279541,,
30,iris,KMeans,5,random,20.0,300.0,0.3483675902819906,0.46569394095542876,0.4238040440572086,0.04704165458679199,,
31,iris,KMeans,5,random,20.0,500.0,0.3483675902819906,0.46569394095542876,0.4238040440572086,0.044040679931640625,,
32,iris,KMeans,6,k-means++,10.0,300.0,0.34705672886778904,0.45413290457949784,0.34732709151313806,0.045536041259765625,,
33,iris,KMeans,6,k-means++,10.0,500.0,0.34705672886778904,0.45413290457949784,0.34732709151313806,0.050553083419799805,,
34,iris,KMeans,6,k-means++,20.0,300.0,0.3428858501277214,0.41942265669925244,0.3183766398869374,0.05855917930603027,,
35,iris,KMeans,6,k-means++,20.0,500.0,0.3428858501277214,0.41942265669925244,0.3183766398869374,0.05655264854431152,,
36,iris,KMeans,6,random,10.0,300.0,0.3364504247664398,0.42043466977474137,0.3231972335903049,0.03357744216918945,,
37,iris,KMeans,6,random,10.0,500.0,0.3364504247664398,0.42043466977474137,0.3231972335903049,0.03057718276977539,,
38,iris,KMeans,6,random,20.0,300.0,0.3350806744818513,0.4182397330051214,0.3197465779657362,0.04055047035217285,,
39,iris,KMeans,6,random,20.0,500.0,0.3350806744818513,0.4182397330051214,0.3197465779657362,0.03555154800415039,,
40,wine,KMeans,2,k-means++,10.0,300.0,0.12647778841733565,0.3702270932278303,0.5067153827937346,0.03927350044250488,,
41,wine,KMeans,2,k-means++,10.0,500.0,0.12647778841733565,0.3702270932278303,0.5067153827937346,0.04225420951843262,,
42,wine,KMeans,2,k-means++,20.0,300.0,0.12647778841733565,0.3702270932278303,0.5067153827937346,0.057256221771240234,,
43,wine,KMeans,2,k-means++,20.0,500.0,0.12647778841733565,0.3702270932278303,0.5067153827937346,0.06825041770935059,,
44,wine,KMeans,2,random,10.0,300.0,0.12647778841733565,0.3702270932278303,0.5067153827937346,0.0412449836730957,,
45,wine,KMeans,2,random,10.0,500.0,0.12647778841733565,0.3702270932278303,0.5067153827937346,0.044251441955566406,,
46,wine,KMeans,2,random,20.0,300.0,0.12647778841733565,0.3702270932278303,0.5067153827937346,0.057250022888183594,,
47,wine,KMeans,2,random,20.0,500.0,0.12647778841733565,0.3702270932278303,0.5067153827937346,0.047002315521240234,,
48,wine,KMeans,3,k-means++,10.0,300.0,0.2205587270898549,0.8536602842727952,0.9492343317841528,0.041007280349731445,,
49,wine,KMeans,3,k-means++,10.0,500.0,0.2205587270898549,0.8536602842727952,0.9492343317841528,0.0390009880065918,,
50,wine,KMeans,3,k-means++,20.0,300.0,0.22430323074864741,0.8685425493202144,0.9549361037947518,0.06402277946472168,,
51,wine,KMeans,3,k-means++,20.0,500.0,0.22430323074864741,0.8685425493202144,0.9549361037947518,0.05903911590576172,,
52,wine,KMeans,3,random,10.0,300.0,0.22242172101151633,0.8368448733145885,0.9440672950820671,0.035004615783691406,,
53,wine,KMeans,3,random,10.0,500.0,0.22242172101151633,0.8368448733145885,0.9440672950820671,0.03501248359680176,,
54,wine,KMeans,3,random,20.0,300.0,0.2205587270898549,0.8536602842727952,0.9492343317841528,0.049027204513549805,,
55,wine,KMeans,3,random,20.0,500.0,0.2205587270898549,0.8536602842727952,0.9492343317841528,0.05655407905578613,,
56,wine,KMeans,4,k-means++,10.0,300.0,0.136732057813413,0.7509168592139368,0.677430377185199,0.04302334785461426,,
57,wine,KMeans,4,k-means++,10.0,500.0,0.136732057813413,0.7509168592139368,0.677430377185199,0.04403424263000488,,
58,wine,KMeans,4,k-means++,20.0,300.0,0.136732057813413,0.7509168592139368,0.677430377185199,0.07454562187194824,,
59,wine,KMeans,4,k-means++,20.0,500.0,0.136732057813413,0.7509168592139368,0.677430377185199,0.07555127143859863,,
60,wine,KMeans,4,random,10.0,300.0,0.11838810819191091,0.738104668250348,0.666141651798989,0.046555519104003906,,
61,wine,KMeans,4,random,10.0,500.0,0.11838810819191091,0.738104668250348,0.666141651798989,0.04054880142211914,,
62,wine,KMeans,4,random,20.0,300.0,0.136732057813413,0.7509168592139368,0.677430377185199,0.05254840850830078,,
63,wine,KMeans,4,random,20.0,500.0,0.136732057813413,0.7509168592139368,0.677430377185199,0.06053972244262695,,
64,wine,KMeans,5,k-means++,10.0,300.0,0.06399719973570397,0.643169915364281,0.4776205286463984,0.05854940414428711,,
65,wine,KMeans,5,k-means++,10.0,500.0,0.06399719973570397,0.643169915364281,0.4776205286463984,0.04754924774169922,,
66,wine,KMeans,5,k-means++,20.0,300.0,0.08617559433734044,0.6480323433969253,0.4849648754675669,0.07853388786315918,,
67,wine,KMeans,5,k-means++,20.0,500.0,0.08617559433734044,0.6480323433969253,0.4849648754675669,0.08052825927734375,,
68,wine,KMeans,5,random,10.0,300.0,0.06779253263931527,0.6267814841686616,0.48195488721804514,0.04501056671142578,,
69,wine,KMeans,5,random,10.0,500.0,0.06779253263931527,0.6267814841686616,0.48195488721804514,0.03901267051696777,,
70,wine,KMeans,5,random,20.0,300.0,0.06272065300592548,0.6623246417702267,0.486566474941761,0.05700540542602539,,
71,wine,KMeans,5,random,20.0,500.0,0.06272065300592548,0.6623246417702267,0.486566474941761,0.05701756477355957,,
72,wine,KMeans,6,k-means++,10.0,300.0,0.047685817705363405,0.5445753490440028,0.3726620900076278,0.05999875068664551,,
73,wine,KMeans,6,k-means++,10.0,500.0,0.047685817705363405,0.5445753490440028,0.3726620900076278,0.05798840522766113,,
74,wine,KMeans,6,k-means++,20.0,300.0,0.047685817705363405,0.5445753490440028,0.3726620900076278,0.07501530647277832,,
75,wine,KMeans,6,k-means++,20.0,500.0,0.047685817705363405,0.5445753490440028,0.3726620900076278,0.07753777503967285,,
76,wine,KMeans,6,random,10.0,300.0,0.05085345492192191,0.5895204283305725,0.38426877470355736,0.03902268409729004,,
77,wine,KMeans,6,random,10.0,500.0,0.05085345492192191,0.5895204283305725,0.38426877470355736,0.03800654411315918,,
78,wine,KMeans,6,random,20.0,300.0,0.02732929174738967,0.5720274684506416,0.3694130474994402,0.04899883270263672,,
79,wine,KMeans,6,random,20.0,500.0,0.02732929174738967,0.5720274684506416,0.3694130474994402,0.04801225662231445,,
80,iris,AgglomerativeClustering,2,,,,0.6863930543445408,0.5681159420289855,0.5555555555555555,0.07557559013366699,single,euclidean
81,iris,AgglomerativeClustering,2,,,,0.6863930543445408,0.5681159420289855,0.5555555555555555,0.07357954978942871,single,manhattan
82,iris,AgglomerativeClustering,2,,,,0.6863930543445408,0.5681159420289855,0.5555555555555555,0.07157087326049805,average,euclidean
83,iris,AgglomerativeClustering,2,,,,0.6863930543445408,0.5681159420289855,0.5555555555555555,0.07058072090148926,average,manhattan
84,iris,AgglomerativeClustering,2,,,,0.30289640125693884,0.2234197189738486,0.46270797475616754,0.06857895851135254,complete,euclidean
85,iris,AgglomerativeClustering,2,,,,0.5110836145448053,0.4219886317147244,0.5281762295081968,0.06657719612121582,complete,manhattan
86,iris,AgglomerativeClustering,3,,,,0.5523297227569341,0.5583714437541352,0.5521885521885522,0.06557512283325195,single,euclidean
87,iris,AgglomerativeClustering,3,,,,0.5118387098922373,0.5637510205230709,0.5841995841995842,0.06356096267700195,single,manhattan
88,iris,AgglomerativeClustering,3,,,,0.5473331031975502,0.7195837484778036,0.8832938591974737,0.06056714057922363,average,euclidean
89,iris,AgglomerativeClustering,3,,,,0.544780960746366,0.6736713703529151,0.8535411653938696,0.058563232421875,average,manhattan
90,iris,AgglomerativeClustering,3,,,,0.5454506912996638,0.7060059674676762,0.8768472906403941,0.0545654296875,complete,euclidean
91,iris,AgglomerativeClustering,3,,,,0.5059646992180071,0.6422512518362898,0.8318621269440941,0.05357193946838379,complete,manhattan
92,iris,AgglomerativeClustering,4,,,,0.37859863990699355,0.553879094828854,0.4356244356244356,0.04956221580505371,single,euclidean
93,iris,AgglomerativeClustering,4,,,,0.28177774044073334,0.5617321312902849,0.43929879644165354,0.046569108963012695,single,manhattan
94,iris,AgglomerativeClustering,4,,,,0.4225965495287504,0.7088753278732401,0.6599451418728527,0.04456448554992676,average,euclidean
95,iris,AgglomerativeClustering,4,,,,0.4926153647807134,0.6565248376603987,0.6276642018268812,0.04255843162536621,average,manhattan
96,iris,AgglomerativeClustering,4,,,,0.3973512160928483,0.5781289744177803,0.6064306487031871,0.012986898422241211,complete,euclidean
97,iris,AgglomerativeClustering,4,,,,0.48975248401756044,0.5914870916917886,0.5942480942480942,0.01600170135498047,complete,manhattan
98,iris,AgglomerativeClustering,5,,,,0.15814155051220588,0.551796444741071,0.34941883513312083,0.01600503921508789,single,euclidean
99,iris,AgglomerativeClustering,5,,,,0.15814155051220588,0.551796444741071,0.34941883513312083,0.015000581741333008,single,manhattan
100,iris,AgglomerativeClustering,5,,,,0.36728038518275785,0.6842486635768289,0.5213016568438256,0.015996932983398438,average,euclidean
101,iris,AgglomerativeClustering,5,,,,0.36691915223281163,0.6456604004718953,0.500111159441303,0.020992755889892578,average,manhattan
102,iris,AgglomerativeClustering,5,,,,0.3345120960717713,0.5041716687577664,0.4528878624806641,0.021004915237426758,complete,euclidean
103,iris,AgglomerativeClustering,5,,,,0.3580331085666874,0.44483876677848727,0.42539847539847536,0.020998239517211914,complete,manhattan
104,iris,AgglomerativeClustering,6,,,,0.09563890332351216,0.5498939490241168,0.2919589289452303,0.019001007080078125,single,euclidean
105,iris,AgglomerativeClustering,6,,,,0.09563890332351216,0.5498939490241168,0.2919589289452303,0.018995285034179688,single,manhattan
106,iris,AgglomerativeClustering,6,,,,0.3229363153274025,0.6638049639535524,0.42688792688792687,0.016999006271362305,average,euclidean
107,iris,AgglomerativeClustering,6,,,,0.3559539919883123,0.5929846210890088,0.39157236525657574,0.017996549606323242,average,manhattan
108,iris,AgglomerativeClustering,6,,,,0.33328023659007017,0.4415520259458531,0.3469107921194053,0.01699066162109375,complete,euclidean
109,iris,AgglomerativeClustering,6,,,,0.32483839277024357,0.497842495202543,0.36488260735248684,0.015993595123291016,complete,manhattan
110,wine,AgglomerativeClustering,2,,,,-0.22771045665989437,-0.001963001963001963,0.18817204301075272,0.018015623092651367,single,euclidean
111,wine,AgglomerativeClustering,2,,,,-0.22771045665989437,-0.001963001963001963,0.18817204301075272,0.017015933990478516,single,manhattan
112,wine,AgglomerativeClustering,2,,,,-0.22771045665989437,-0.001963001963001963,0.18817204301075272,0.017002582550048828,average,euclidean
113,wine,AgglomerativeClustering,2,,,,-0.22771045665989437,-0.001963001963001963,0.18817204301075272,0.020998001098632812,average,manhattan
114,wine,AgglomerativeClustering,2,,,,0.5635523841748998,0.5499067956270987,0.5674931129476585,0.01699972152709961,complete,euclidean
115,wine,AgglomerativeClustering,2,,,,0.5635523841748998,0.5499067956270987,0.5674931129476585,0.022991180419921875,complete,manhattan
116,wine,AgglomerativeClustering,3,,,,-0.5556451685862803,-0.00381934509398756,0.1862348178137652,0.017984867095947266,single,euclidean
117,wine,AgglomerativeClustering,3,,,,-0.32880972297536026,-0.00381934509398756,0.1862348178137652,0.020983219146728516,single,manhattan
118,wine,AgglomerativeClustering,3,,,,-0.32880972297536026,-0.00381934509398756,0.1862348178137652,0.02000284194946289,average,euclidean
119,wine,AgglomerativeClustering,3,,,,-0.22974614319939538,0.4363836560895574,0.5229700854700855,0.020992517471313477,average,manhattan
120,wine,AgglomerativeClustering,3,,,,0.15350845415940764,0.8101984932408013,0.9309907264452719,0.021007061004638672,complete,euclidean
121,wine,AgglomerativeClustering,3,,,,0.16575269836340226,0.837371015547774,0.9435259650002324,0.018009185791015625,complete,manhattan
122,wine,AgglomerativeClustering,4,,,,-0.6206536571843563,-0.00833643249031321,0.13524590163934427,0.022005796432495117,single,euclidean
123,wine,AgglomerativeClustering,4,,,,-0.4788925978795601,-0.005567074338188896,0.13821138211382114,0.02100205421447754,single,manhattan
124,wine,AgglomerativeClustering,4,,,,-0.30155700298017457,0.454402932137837,0.402572215984485,0.016994953155517578,average,euclidean
125,wine,AgglomerativeClustering,4,,,,-0.3474342858085119,0.4334442249863341,0.3904550946435763,0.01999974250793457,average,manhattan
126,wine,AgglomerativeClustering,4,,,,0.05974753816878277,0.8214459503186963,0.7001369842278933,0.02202320098876953,complete,euclidean
127,wine,AgglomerativeClustering,4,,,,0.09356586228606188,0.689184067176388,0.6299660232557954,0.0230100154876709,complete,manhattan
128,wine,AgglomerativeClustering,5,,,,-0.6612452074591757,-0.009744057780847176,0.10699588477366255,0.022011756896972656,single,euclidean
129,wine,AgglomerativeClustering,5,,,,-0.7017168599180396,-0.007204211744715499,0.10938775510204082,0.017017126083374023,single,manhattan
130,wine,AgglomerativeClustering,5,,,,-0.2940265713906083,0.4457884413763676,0.3381588015362007,0.02353358268737793,average,euclidean
131,wine,AgglomerativeClustering,5,,,,-0.15619246803678163,0.8211051602615367,0.5628205128205128,0.021526336669921875,average,manhattan
132,wine,AgglomerativeClustering,5,,,,0.05108342664739985,0.8274459434292951,0.5616199892061962,0.021523714065551758,complete,euclidean
133,wine,AgglomerativeClustering,5,,,,-0.06172512007697906,0.6968281165812061,0.5055981629572533,0.016530513763427734,complete,manhattan
134,wine,AgglomerativeClustering,6,,,,-0.7109513254452747,-0.011035018514226185,0.0881542699724518,0.018985748291015625,single,euclidean
135,wine,AgglomerativeClustering,6,,,,-0.7109513254452747,-0.011035018514226185,0.0881542699724518,0.016989469528198242,single,manhattan
136,wine,AgglomerativeClustering,6,,,,-0.4265078438625492,0.4362944540852922,0.28857457174288853,0.019991397857666016,average,euclidean
137,wine,AgglomerativeClustering,6,,,,-0.2551487158527933,0.8092444088518341,0.46549773755656104,0.016995906829833984,average,manhattan
138,wine,AgglomerativeClustering,6,,,,-0.03404528185367141,0.8157602765854675,0.463900923219017,0.017996788024902344,complete,euclidean
139,wine,AgglomerativeClustering,6,,,,-0.22949790695086228,0.6836556176476968,0.41756982018910205,0.015988826751708984,complete,manhattan
140,iris,Ward,2,,,,0.6863930543445408,0.5681159420289855,0.5555555555555555,0.01699972152709961,ward,euclidean
141,iris,Ward,3,,,,0.5473331031975502,0.7195837484778036,0.8832938591974737,0.01600337028503418,ward,euclidean
142,iris,Ward,4,,,,0.4724889753441359,0.6454234140112601,0.6187951807228916,0.013001441955566406,ward,euclidean
143,iris,Ward,5,,,,0.3422768612601816,0.4999186811562061,0.4481225643313997,0.01601552963256836,ward,euclidean
144,iris,Ward,6,,,,0.32184953090204743,0.4363200443368152,0.3427572016460905,0.01400613784790039,ward,euclidean
145,wine,Ward,2,,,,-0.01995028146829496,0.4847385885049859,0.5576863911393702,0.011011362075805664,ward,euclidean
146,wine,Ward,3,,,,0.1914657607128426,0.9310001175059304,0.9780604811132806,0.013998985290527344,ward,euclidean
147,wine,Ward,4,,,,0.10167484800840475,0.7697432844874517,0.6786218023902753,0.016005277633666992,ward,euclidean
148,wine,Ward,5,,,,0.04167676895193962,0.6837934061868676,0.4938145176032561,0.013996124267578125,ward,euclidean
149,wine,Ward,6,,,,0.01898055990854086,0.6550927069671628,0.4023639237169245,0.012000083923339844,ward,euclidean
